{"cameraMode":{"drawMode":0,"name":"Shaded","section":"Shading Mode"},"sceneLighting":false,"audioPlay":false,"sceneViewState":{"showFog":true,"showMaterialUpdate":false,"showSkybox":false,"showFlares":true,"showImageEffects":true,"showParticleSystems":true},"in2DMode":false,"pivot":{"x":2.430000066757202,"y":-0.04999998211860657,"z":-0.03999999165534973},"rotation":{"x":-0.042594607919454578,"y":0.3214707374572754,"z":-0.014475144445896149,"w":-0.9458932280540466},"size":1.7717138528823853,"orthographic":false}